{"cameraMode":{"drawMode":0,"name":"Shaded","section":"Shading Mode"},"sceneLighting":true,"audioPlay":false,"sceneViewState":{"showFog":true,"showMaterialUpdate":false,"showSkybox":true,"showFlares":true,"showImageEffects":true,"showParticleSystems":true},"in2DMode":false,"pivot":{"x":0.2374039888381958,"y":0.2524135112762451,"z":-0.3746362626552582},"rotation":{"x":-0.058515314012765887,"y":0.9348926544189453,"z":-0.1834944188594818,"w":-0.2981312870979309},"size":1.8073949813842774,"orthographic":false}